{"name":"f8d542f6-8fce-4ce6-92fd-4cdc6d554e37","id":"/providers/Microsoft.Flow/flows/f8d542f6-8fce-4ce6-92fd-4cdc6d554e37","type":"Microsoft.Flow/flows","properties":{"apiId":"/providers/Microsoft.PowerApps/apis/shared_logicflows","displayName":"mentioned","definition":{"metadata":{"workflowEntityId":null,"processAdvisorMetadata":null,"flowChargedByPaygo":null,"flowclientsuspensionreason":"None","flowclientsuspensiontime":null,"flowclientsuspensionreasondetails":null,"creator":{"id":"104670f3-99ea-42c7-bfee-bc0aaee88a08","type":"User","tenantId":"ed72941d-bdcb-41c6-8f0c-7608f012c3d6"},"provisioningMethod":"FromDefinition","failureAlertSubscription":true,"clientLastModifiedTime":"2025-04-11T02:23:48.5177939Z","connectionKeySavedTimeKey":"2025-04-11T02:23:48.5177939Z","creationSource":null,"modifiedSources":"Portal"},"$schema":"https://schema.management.azure.com/providers/Microsoft.Logic/schemas/2016-06-01/workflowdefinition.json#","contentVersion":"1.0.0.0","parameters":{"$authentication":{"defaultValue":{},"type":"SecureObject"},"$connections":{"defaultValue":{},"type":"Object"}},"triggers":{"自分が_@mentioned_である場合":{"metadata":{"operationMetadataId":"8115b23b-2683-4999-8339-4b69527955fe"},"type":"OpenApiConnectionWebhook","inputs":{"parameters":{"threadType":"channel","requestBody/channels":["19:b7643d9ee505496d9bc2c9f1f16e7eac@thread.tacv2"],"requestBody/groupId":"2103286c-fda3-4245-a3e9-c6b481ec9e34"},"host":{"apiId":"/providers/Microsoft.PowerApps/apis/shared_teams","connectionName":"shared_teams","operationId":"WebhookAtMentionTrigger"},"authentication":"@parameters('$authentication')"}}},"actions":{"メッセージId":{"runAfter":{},"type":"Compose","inputs":"@first(triggerOutputs()?['body/value'])?['messageId']"},"返信メッセージID":{"runAfter":{"メッセージId":["Succeeded"]},"type":"Compose","inputs":"@first(triggerOutputs()?['body/value'])?['replyToMessageId']"},"メッセージへのリンク":{"runAfter":{"返信メッセージID":["Succeeded"]},"type":"Compose","inputs":"@first(triggerOutputs()?['body/value'])?['linkToMessage']"},"メッセージ詳細を取得する":{"runAfter":{"メッセージへのリンク":["Succeeded"]},"type":"OpenApiConnection","inputs":{"parameters":{"messageId":"@outputs('メッセージId')","threadType":"channel","body/recipient/groupId":"2103286c-fda3-4245-a3e9-c6b481ec9e34","body/recipient/channelId":"19:b7643d9ee505496d9bc2c9f1f16e7eac@thread.tacv2","body/recipient/parentMessageId":"@outputs('返信メッセージID')"},"host":{"apiId":"/providers/Microsoft.PowerApps/apis/shared_teams","connectionName":"shared_teams","operationId":"GetMessageDetails"},"authentication":"@parameters('$authentication')"}},"親メッセージ詳細を取得する":{"runAfter":{"メッセージ詳細を取得する":["Succeeded"]},"type":"OpenApiConnection","inputs":{"parameters":{"messageId":"@outputs('返信メッセージID')","threadType":"channel","body/recipient/groupId":"2103286c-fda3-4245-a3e9-c6b481ec9e34","body/recipient/channelId":"19:b7643d9ee505496d9bc2c9f1f16e7eac@thread.tacv2","body/recipient/parentMessageId":"@outputs('返信メッセージID')"},"host":{"apiId":"/providers/Microsoft.PowerApps/apis/shared_teams","connectionName":"shared_teams","operationId":"GetMessageDetails"},"authentication":"@parameters('$authentication')"}},"マイ_プロフィールの取得_(V2)":{"runAfter":{"親メッセージ詳細を取得する":["Succeeded"]},"type":"OpenApiConnection","inputs":{"host":{"apiId":"/providers/Microsoft.PowerApps/apis/shared_office365users","connectionName":"shared_office365users","operationId":"MyProfile_V2"},"authentication":"@parameters('$authentication')"}},"項目の作成_1":{"runAfter":{"マイ_プロフィールの取得_(V2)":["Succeeded"]},"type":"OpenApiConnection","inputs":{"parameters":{"dataset":"https://mkuwan.sharepoint.com/sites/my_team","table":"607fecc0-6d3e-45f4-892a-4b2f9720d280","item/Title":"@outputs('親メッセージ詳細を取得する')?['body/subject']","item/OData__x672c__x6587_":"@outputs('メッセージ詳細を取得する')?['body/body/plainTextContent']","item/MesageLink":"@outputs('メッセージ詳細を取得する')?['body/messageLink']","item/mentioned_user/Claims":"@outputs('マイ_プロフィールの取得_(V2)')?['body/mail']","item/OData__x30b9__x30c6__x30fc__x30bf__x30/Value":"未読","item/created0":"@outputs('メッセージ詳細を取得する')?['body/createdDateTime']"},"host":{"apiId":"/providers/Microsoft.PowerApps/apis/shared_sharepointonline","connectionName":"shared_sharepointonline","operationId":"PostItem"},"authentication":"@parameters('$authentication')"}}}},"connectionReferences":{"shared_teams":{"connectionName":"shared-teams-f0855c5f-b282-4a52-b1d5-a5b8324d4f0c","source":"Embedded","id":"/providers/Microsoft.PowerApps/apis/shared_teams","tier":"NotSpecified","apiName":"teams"},"shared_office365users":{"connectionName":"shared-office365user-a40f530e-9367-46f1-af08-54b8f233ebfe","source":"Embedded","id":"/providers/Microsoft.PowerApps/apis/shared_office365users","tier":"NotSpecified","apiName":"office365users"},"shared_sharepointonline":{"connectionName":"shared-sharepointonl-e35ca50e-9607-449c-8c03-244d1aa62b47","source":"Embedded","id":"/providers/Microsoft.PowerApps/apis/shared_sharepointonline","tier":"NotSpecified","apiName":"sharepointonline"}},"flowFailureAlertSubscribed":false,"isManaged":false}}