{"name":"0e0f626e-3b55-470f-bc5a-c7371816f250","id":"/providers/Microsoft.Flow/flows/0e0f626e-3b55-470f-bc5a-c7371816f250","type":"Microsoft.Flow/flows","properties":{"apiId":"/providers/Microsoft.PowerApps/apis/shared_logicflows","displayName":"teamsのメンションを取得","definition":{"metadata":{"workflowEntityId":null,"processAdvisorMetadata":null,"flowChargedByPaygo":null,"flowclientsuspensionreason":"None","flowclientsuspensiontime":null,"flowclientsuspensionreasondetails":null,"creator":{"id":"104670f3-99ea-42c7-bfee-bc0aaee88a08","type":"User","tenantId":"ed72941d-bdcb-41c6-8f0c-7608f012c3d6"},"provisioningMethod":"FromDefinition","failureAlertSubscription":true,"clientLastModifiedTime":"2025-04-09T12:06:05.1850584Z","connectionKeySavedTimeKey":"2025-04-09T12:06:05.1850584Z","creationSource":null,"modifiedSources":"Portal"},"$schema":"https://schema.management.azure.com/providers/Microsoft.Logic/schemas/2016-06-01/workflowdefinition.json#","contentVersion":"1.0.0.0","parameters":{"$authentication":{"defaultValue":{},"type":"SecureObject"},"$connections":{"defaultValue":{},"type":"Object"}},"triggers":{"チャットまたはチャネルに新しいメッセージが追加されたとき":{"metadata":{"operationMetadataId":"16e7a7af-1beb-476f-ae6e-38b92ed6487b"},"type":"OpenApiConnectionWebhook","inputs":{"parameters":{"threadType":"channel","requestBody/channels":["19:a6516cd83dbb467d8945009f5bc7f0d7@thread.tacv2"],"requestBody/groupId":"2103286c-fda3-4245-a3e9-c6b481ec9e34"},"host":{"apiId":"/providers/Microsoft.PowerApps/apis/shared_teams","connectionName":"shared_teams","operationId":"WebhookNewMessageTrigger"},"authentication":"@parameters('$authentication')"}}},"actions":{"メッセージID":{"runAfter":{"replyToMessageId":["Succeeded"]},"metadata":{"operationMetadataId":"7f1c0740-7d86-4c4b-a0f6-49090211a7dc"},"type":"Compose","inputs":"@body('JSON_の解析')[0]['messageId']"},"JSON_の解析":{"runAfter":{},"metadata":{"operationMetadataId":"6e7924cf-955e-4fe4-b311-a6badec97817"},"type":"ParseJson","inputs":{"content":"@triggerOutputs()?['body/value']","schema":{"type":"array","items":{"type":"object","properties":{"subscriptionId":{"type":"string"},"changeType":{"type":"string"},"clientState":{"type":"string"},"subscriptionExpirationDateTime":{"type":"string"},"resource":{"type":"string"},"resourceData":{"type":"object","properties":{"id":{"type":"string"},"@@odata.type":{"type":"string"},"@@odata.id":{"type":"string"}}},"encryptedContent":{},"tenantId":{"type":"string"},"teamId":{"type":"string"},"channelId":{"type":"string"},"messageId":{"type":"string"},"replyToMessageId":{"type":"string"},"linkToMessage":{"type":"string"}},"required":["subscriptionId","changeType","clientState","subscriptionExpirationDateTime","resource","resourceData","encryptedContent","tenantId","teamId","channelId","messageId","replyToMessageId","linkToMessage"]}}}},"MessageLink":{"runAfter":{"メッセージID":["Succeeded"]},"metadata":{"operationMetadataId":"a83e6361-fd7e-4ad5-92a0-b1730dfc1aa1"},"type":"Compose","inputs":"@body('JSON_の解析')[0]['linkToMessage']"},"メッセージ詳細を取得する":{"runAfter":{"MessageLink":["Succeeded"]},"metadata":{"operationMetadataId":"219a5b41-ac18-4d52-8d8f-3f7723ae15dc"},"type":"OpenApiConnection","inputs":{"parameters":{"messageId":"@outputs('メッセージID')","threadType":"channel","body/recipient/groupId":"2103286c-fda3-4245-a3e9-c6b481ec9e34","body/recipient/channelId":"19:a6516cd83dbb467d8945009f5bc7f0d7@thread.tacv2","body/recipient/parentMessageId":"@outputs('replyToMessageId')"},"host":{"apiId":"/providers/Microsoft.PowerApps/apis/shared_teams","connectionName":"shared_teams","operationId":"GetMessageDetails"},"authentication":"@parameters('$authentication')"}},"Contents":{"runAfter":{"それぞれに適用する":["Succeeded"]},"metadata":{"operationMetadataId":"0c6d0996-e4ea-4bc7-89ec-b590ff6ccfde"},"type":"Compose","inputs":"@outputs('メッセージ詳細を取得する')?['body/body/content']"},"PlainTextContents":{"runAfter":{"Contents":["Succeeded"]},"metadata":{"operationMetadataId":"44819071-687a-48a7-a655-4dd6db125ed0"},"type":"Compose","inputs":"@outputs('メッセージ詳細を取得する')?['body/body/plainTextContent']"},"ユーザーの_@mention_トークンを取得する":{"runAfter":{"マイ_プロフィールの取得_(V2)":["Succeeded"]},"metadata":{"operationMetadataId":"0c2f076d-1424-4467-bb05-0c1fd33d7592"},"type":"OpenApiConnection","inputs":{"parameters":{"userId":"@outputs('マイ_プロフィールの取得_(V2)')?['body/id']"},"host":{"apiId":"/providers/Microsoft.PowerApps/apis/shared_teams","connectionName":"shared_teams","operationId":"AtMentionUser"},"authentication":"@parameters('$authentication')"}},"マイ_プロフィールの取得_(V2)":{"runAfter":{"PlainTextContents":["Succeeded"]},"metadata":{"operationMetadataId":"fc7632ad-b71c-4c22-82aa-fa54a98ff4a3"},"type":"OpenApiConnection","inputs":{"host":{"apiId":"/providers/Microsoft.PowerApps/apis/shared_office365users","connectionName":"shared_office365users","operationId":"MyProfile_V2"},"authentication":"@parameters('$authentication')"}},"作成_4":{"runAfter":{"ユーザーの_@mention_トークンを取得する":["Succeeded"]},"metadata":{"operationMetadataId":"ae68532b-da82-4676-837d-a0712a86c6b9"},"type":"Compose","inputs":"@outputs('ユーザーの_@mention_トークンを取得する')?['body/atMention']"},"replyToMessageId":{"runAfter":{"JSON_の解析":["Succeeded"]},"metadata":{"operationMetadataId":"7e00dc62-a98f-4137-a6dc-6283e135e4bb"},"type":"Compose","inputs":"@body('JSON_の解析')[0]['replyToMessageId']"},"JSON_の解析_詳細":{"runAfter":{"メッセージ詳細を取得する":["Succeeded"]},"type":"ParseJson","inputs":{"content":"@body('メッセージ詳細を取得する')","schema":{"type":"object","properties":{"statusCode":{"type":"integer"},"headers":{"type":"object","properties":{"Transfer-Encoding":{"type":"string"},"Vary":{"type":"string"},"Strict-Transport-Security":{"type":"string"},"request-id":{"type":"string"},"client-request-id":{"type":"string"},"x-ms-ags-diagnostic":{"type":"string"},"OData-Version":{"type":"string"},"x-ms-client-region":{"type":"string"},"x-ms-flavor":{"type":"string"},"X-Ms-Workflow-Resourcegroup-Name":{"type":"string"},"x-ms-workflow-subscription-id":{"type":"string"},"x-ms-environment-id":{"type":"string"},"x-ms-tenant-id":{"type":"string"},"x-ms-dlp-re":{"type":"string"},"x-ms-dlp-gu":{"type":"string"},"x-ms-dlp-ef":{"type":"string"},"Timing-Allow-Origin":{"type":"string"},"x-ms-apihub-cached-response":{"type":"string"},"x-ms-apihub-obo":{"type":"string"},"Date":{"type":"string"},"Content-Type":{"type":"string"},"Content-Length":{"type":"string"}}},"body":{"type":"object","properties":{"@@odata.context":{"type":"string"},"id":{"type":"string"},"replyToId":{"type":"string"},"etag":{"type":"string"},"messageType":{"type":"string"},"createdDateTime":{"type":"string"},"lastModifiedDateTime":{"type":"string"},"lastEditedDateTime":{},"deletedDateTime":{},"subject":{"type":"string"},"summary":{},"chatId":{},"importance":{"type":"string"},"locale":{"type":"string"},"webUrl":{"type":"string"},"policyViolation":{},"eventDetail":{},"from":{"type":"object","properties":{"application":{},"device":{},"user":{"type":"object","properties":{"@@odata.type":{"type":"string"},"id":{"type":"string"},"displayName":{"type":"string"},"userIdentityType":{"type":"string"},"tenantId":{"type":"string"}}}}},"body":{"type":"object","properties":{"contentType":{"type":"string"},"content":{"type":"string"},"plainTextContent":{"type":"string"}}},"channelIdentity":{"type":"object","properties":{"teamId":{"type":"string"},"channelId":{"type":"string"}}},"attachments":{"type":"array"},"mentions":{"type":"array","items":{"type":"object","properties":{"id":{"type":"integer"},"mentionText":{"type":"string"},"mentioned":{"type":"object","properties":{"application":{},"device":{},"conversation":{},"tag":{},"user":{"type":"object","properties":{"@@odata.type":{"type":"string"},"id":{"type":"string"},"displayName":{"type":"string"},"userIdentityType":{"type":"string"},"tenantId":{"type":"string"}}}}}},"required":["id","mentionText","mentioned"]}},"reactions":{"type":"array"},"MessageLink":{"type":"string"},"threadType":{"type":"string"},"teamId":{"type":"string"},"channelId":{"type":"string"}}}}}}},"それぞれに適用する":{"foreach":"@body('JSON_の解析_詳細')?['mentions']","actions":{"mentionText":{"type":"Compose","inputs":"@ item()?['mentionText']"}},"runAfter":{"JSON_の解析_詳細":["Succeeded"]},"type":"Foreach"}}},"connectionReferences":{"shared_teams":{"connectionName":"shared-teams-f0855c5f-b282-4a52-b1d5-a5b8324d4f0c","source":"Embedded","id":"/providers/Microsoft.PowerApps/apis/shared_teams","tier":"NotSpecified","apiName":"teams"},"shared_office365users":{"connectionName":"shared-office365user-a40f530e-9367-46f1-af08-54b8f233ebfe","source":"Embedded","id":"/providers/Microsoft.PowerApps/apis/shared_office365users","tier":"NotSpecified","apiName":"office365users"}},"flowFailureAlertSubscribed":false,"isManaged":false}}